1	04.13.01.01.001	Jalan Negara/Nasional Kelas I
2	04.13.01.01.002	Jalan Negara/Nasional Kelas II
3	04.13.01.01.003	Jalan Negara/Nasional Kelas III
4	04.13.01.01.004	Jalan Negara/Nasional Kelas IV
5	04.13.01.01.005	Jalan Negara/Nasional Kelas V
6	04.13.01.01.006	Jalan Negara/Nasional Arteri
7	04.13.01.01.007	Jalan Negara/Nasional Kolektor
8	04.13.01.01.008	Jalan Negara/Nasional Strategis Nasional
9	04.13.01.01.009	Jalan Nasional Kelas I Lain-lain
10	04.13.01.02.001	Jalan Propinsi Kelas I
11	04.13.01.02.002	Jalan Propinsi Kelas II
12	04.13.01.02.003	Jalan Propinsi Kelas III
13	04.13.01.02.004	Jalan Propinsi Kelas IV
14	04.13.01.02.005	Jalan Propinsi Kelas V
15	04.13.01.02.006	Jalan Propinsi Arteri
16	04.13.01.02.007	Jalan Propinsi Kolektor
17	04.13.01.02.008	Jalan Propinsi Lokal
18	04.13.01.02.009	Jalan Propinsi Strategis Propinsi
19	04.13.01.02.010	Jalan Propinsi Lain-lain
20	04.13.01.03.001	Jalan Kabupaten Kelas III
21	04.13.01.03.002	Jalan Kabupaten Kelas IV
22	04.13.01.03.003	Jalan Kabupaten Kelas V
23	04.13.01.03.004	Jalan Kabupaten Arteri
24	04.13.01.03.005	Jalan Kabupaten Kolektor
25	04.13.01.03.006	Jalan Kabupaten Lokal
26	04.13.01.03.007	Jalan Kabupaten Strategis Kabupaten
27	04.13.01.03.008	Jalan Kabupaten Lain-lain
28	04.13.01.04.001	Jalan Desa
29	04.13.01.04.002	Jalan Desa Lain-lain
30	04.13.01.05.001	Jalan Khusus
31	04.13.01.05.002	Jalan Air
32	04.13.01.05.003	Jalan Khusus Inspeksi
33	04.13.01.05.004	Jalan Khusus Komplek
34	04.13.01.05.005	Jalan Khusus Proyek
35	04.13.01.05.006	Jalan Khusus Quarry
36	04.13.01.05.007	Jalan Khusus Lori
37	04.13.01.05.008	Jalan Khusus Perorangan
38	04.13.01.05.009	Jalan Khusus Under Pass
39	04.13.01.05.010	Jalan Khusus Lain-lain
40	04.13.01.05.011	
41	04.13.01.06.001	Jalan Tol Arteri
42	04.13.01.06.002	Jalan Tol Lain-lain
43	04.13.01.07.001	Jalan Kereta Api Bantalan Besi
44	04.13.01.07.002	Jalan Kereta Api Bantalan Beton
45	04.13.01.07.003	Jalan Kereta Api Bantalan Kayu
46	04.13.01.07.004	Jalan Kereta Lain-lain
47	04.13.01.08.001	Landasan Pacu Pesawat Terbang Permukaan Beton
48	04.13.01.08.002	Landasan Pacu Pesawat Terbang Permukaan Aspal
49	04.13.01.08.003	Landasan Pacu Pesawat Terbang Permukaan B. Karang
50	04.13.01.08.004	Landasan Pacu Pesawat Terbang Permukaan Rumput
51	04.13.01.08.005	Landasan Pasu Pswt Terbang Lain-lain
52	04.13.02.01.001	Jembatan Beton National
53	04.13.02.01.002	Jembatan Kayu National
54	04.13.02.01.003	Jembatan Kayu National
55	04.13.02.01.004	Jembatan Baliy National
56	04.13.02.01.005	Pas Batu Negara/national
57	04.13.02.01.006	Jembatan pada Jalan Nasional
58	04.13.02.01.007	Jembatan pada Jalan Nasional Kolektor
59	04.13.02.01.008	Jembatan pada Jalan Nasional Strategis
60	04.13.02.01.009	Jalan Negara/Nasional Lain-lain
61	04.13.02.02.001	Jembatan Beton Propinsi
62	04.13.02.02.002	Jembatan Baja Propinsi
63	04.13.02.02.003	Jembatan Kayu Propinsi
64	04.13.02.02.004	Jembatan Baily Propinsi
65	04.13.02.02.005	Pas Batu Propinsi
66	04.13.02.02.006	Jembatan pada Jalan Propinsi Arteri
67	04.13.02.02.007	Jembatan pada Jalan Propinsi Kolektor
68	04.13.02.02.008	Jembatan pada jalan propinsi lokal
69	04.13.02.02.009	Jembatan pada jalan propinsi strategis
70	04.13.02.02.010	Jembatan Propinsi lain-lain
71	04.13.02.03.001	Jembatan Beton Kabupaten/Kota
72	04.13.02.03.002	Jembatan Baja Kabupaten/Kota
73	04.13.02.03.003	Jembatan Kayu Kabupaten/kota
74	04.13.02.03.004	Jembatan Baily Kabupaten/Kota
75	04.13.02.03.005	Pas Batu Kabupaten/Kota
76	04.13.02.03.006	Jembatan pada Jalan Kabupaten/Kota Arteri
77	04.13.02.03.007	Jembatan pada Jalan Kabupaten/Kota Kolektor
78	04.13.02.03.008	Jembatan pada Jalan Kabupaten/Kota Lokal
79	04.13.02.03.009	Jembatan pada Jalan Kabupaten/Kota Strategis
80	04.13.02.03.010	Jembatan Kabupaten/kota Lain-lain
81	04.13.02.04.001	Jembatan Beton Desa
82	04.13.02.04.002	Jembatan Baja Desa
83	04.13.02.04.003	Jembatan kayu desa
84	04.13.02.04.004	Jembatan Baily Desa
85	04.13.02.04.005	Pas Batu Desa
86	04.13.02.04.006	Jembatan pada Poros Desa
87	04.13.02.04.007	Jembatan Desa Lain-lain
88	04.13.02.05.001	Jembatan Beton Khusus
89	04.13.02.05.002	Jembatan Baja Khusus
90	04.13.02.05.003	Jembatan kayu Khusus
91	04.13.02.05.004	Jembatan Baily Khusus
92	04.13.02.05.005	Pas Batu Khusus
93	04.13.02.05.006	Jembatan pada jalan khusus Inspeksi
94	04.13.02.05.007	Jembatan pada jalan khusus Proye
95	04.13.02.05.008	Jembatan pada jalan khusus quarty
96	04.13.02.05.009	Jembatan pada jalan khusus lori
97	04.13.02.05.010	Jembatan pada jalan khusus badan hukum
98	04.13.02.05.011	Jembatan pada jalan khusus perorangan
99	04.13.02.05.012	Jembatan pada jalan Fly Over
100	04.13.02.05.013	Jembatan Khusus Lain-lain
101	04.13.02.06.001	Jembatan Pada Jalan Arteri
102	04.13.02.06.002	Jembatan Jalan Tol Lain-lain
103	04.13.02.07.001	Jembatan Pada Jalan Kereta Api Bantalan Besi
104	04.13.02.07.002	Jembatan Pada Jalan Kereta Api Bantalan Beton
105	04.13.02.07.003	Jembatan Pada Jalan Kereta Api
106	04.13.02.07.004	Jembatan pada Jln Kereta Api Lain-lain
107	04.13.02.08.001	Jembatan Pada Landasan Pacu Pesawat Terbang Permukiman
108	04.13.02.08.002	Jembatan Pada Landasan Pacu Pesawat Terbang Permukiman
109	04.13.02.08.003	Jembatan pada Jalan Kereta Api
110	04.13.02.08.004	Jembatan pd Landasan Pacu pesawat Lain-lain
111	04.13.02.09.001	Jembatan Penyeberangan Orang
112	04.13.02.09.002	Jembatan Penyeberangan Kendaraan
113	04.13.02.09.003	Jembatan Penyebrangan Lain-lain
114	04.14.01.01.001	Waduk Bendungan tanggul Menara Pengambilan pelimpahan
115	04.14.01.01.002	Waduk Bendungan tanggul Menara Pengambilan
116	04.14.01.01.003	Waduk dengan Bend Menara Pengambilan
117	04.14.01.01.004	Waduk dengan Tgl dan Pintu Air Menara Pengambilan
118	04.14.01.01.005	Waduk dengan tgl Ointu Pengukur/Waduk Lapangan
119	04.14.01.01.006	Bangunan Waduk Lain-lain
120	04.14.01.02.001	Bendung
121	04.14.01.02.002	Bendung dengan Pintu Bilas
122	04.14.01.02.003	Bendung dengan Pompa
123	04.14.01.02.004	Bendungan Pengambilan Bebas
124	04.14.01.02.005	Bendungan Pengambilan Bebas dengan Pompa
125	04.14.01.02.006	Sumur dengan Pompa
126	04.14.01.02.007	Bangunan Pengambilan Irigasi Lain-lain
127	04.14.01.03.001	Saluran Muka
128	04.14.01.03.002	Saluran Induk
129	04.14.01.03.003	Saluran Sekunder
130	04.14.01.03.004	Saluran Tertier
131	04.14.01.03.005	Saluran Kawar Ter
132	04.14.01.03.006	Saluran Pasang Tertutup/terowngan
133	04.14.01.03.007	Saluran Sublesi
134	04.14.01.03.008	Bangunan Pembawa Irigasi Lain-lain
135	04.14.01.04.001	Saluran Induk Pembuang
136	04.14.01.04.002	Saluran Sekunder Pembuang
137	04.14.01.04.003	Saluran Tertier Pembuang
138	04.14.01.04.004	Bangunan Pembuang Irigasi Lain-lain
139	04.14.01.05.001	Tanggul Banjir
140	04.14.01.05.002	Bangunan Pintu Air/Klep
141	04.14.01.05.003	Bangunan Pengaman Irigasi Lain-lain
142	04.14.01.06.001	Bangunan Bagi
143	04.14.01.06.002	Bangunan Bagi dan Sadap
144	04.14.01.06.003	Bangunan Sadap
145	04.14.01.06.004	Bangunan Got Miring
146	04.14.01.06.005	Bangunan -bangunan Terjun
147	04.14.01.06.006	Bangunan Talang
148	04.14.01.06.007	Bangunan Sipon
149	04.14.01.06.008	Bangunan Gorong-gorong
150	04.14.01.06.009	Bangunan Pelipah Samping
151	04.14.01.06.010	Bangunan Qutiet
152	04.14.01.06.011	Bangunan Penahan Banjir
153	04.14.01.06.012	Bangunan Pengeluaran/Pintu
154	04.14.01.06.013	Bangunan Box Tersiar
155	04.14.01.06.014	Bangunan Pengukur
156	04.14.01.06.015	Bangunan Mandi Hewan
157	04.14.01.06.016	Bangunan Pertemuan Saluran
158	04.14.01.06.017	Bangunan Perlengkapan Dalam Petak Tersiar
159	04.14.01.06.018	Bangunan Jembatan
160	04.14.01.06.019	Bangunan Pelengkap Irigasi Lain-lain
161	04.14.02.01.001	Bangunan Waduk Pasang Surut
162	04.14.02.01.002	Bangunan Waduk Lain-lain
163	04.14.02.02.001	Bendungan dengan Pompa
164	04.14.02.02.002	Bebas dengan Pompa
165	04.14.02.02.003	Bangunan Pengambilan Pasang Surat Lain-lain
166	04.14.02.03.001	Saluran Muka
167	04.14.02.03.002	Saluran Induk
168	04.14.02.03.003	Saluran Sekunder
169	04.14.02.03.004	Saluran Tertier
170	04.14.02.03.005	Saluran Penyimpanan Air
171	04.14.02.03.006	Bangunan Pembawa Pasang Surut Lain-lain
172	04.14.02.04.001	Saluran Induk (Primer) Pembuang
173	04.14.02.04.002	Saluran Sekunder Pembuang
174	04.14.02.04.003	Saluran Tertier Pembuang
175	04.14.02.04.004	Saluran Pengumpul Air
176	04.14.02.04.005	Terusan (Kanal)
177	04.14.02.04.006	Bangunan Pembuang Pasang Surut Lain-lain
178	04.14.02.05.001	Pintu Air
179	04.14.02.05.002	Pemasukan/Pembuang
180	04.14.02.05.003	Kolam Pasang
181	04.14.02.05.004	Bangunan Pengamanan Pasang Surut lain-lain
182	04.14.02.06.001	Bangunan Jembatan
183	04.14.02.06.002	Jembatan Penghalang
184	04.14.02.06.003	Bangunan Penutup Pangkis Kotoran
185	04.14.02.06.004	Bangunan Pengukur Air Muka
186	04.14.02.06.005	Bangunan Pengukur Curah Hujan
187	04.14.02.06.006	Bangunan Pelengkap Pasang Surut Lain-lain
188	04.14.02.07.001	Sawah Pasang Surut Teknis
189	04.14.02.07.002	Sawah Pasang Surut Semi Teknis
190	04.14.02.07.003	Sawah Pasang Surut Non Teknis
191	04.14.02.07.005	Bangunan Sawah Pasang Surut Lain-lain
192	04.14.03.01.001	Bangunan Waduk Pasang Rawa
193	04.14.03.01.002	Bangunan Waduk
194	04.14.03.01.003	Bangunan Air Pengembang Rawa Lain-lain
195	04.14.03.02.001	Bangunan Pengembalian
196	04.14.03.02.002	Bangunan Pengembalian Pasang Rawa Lain-lain
197	04.14.03.03.001	Saluran Muka
198	04.14.03.03.002	Saluran Induk
199	04.14.03.03.003	Saluran Sekunder
200	04.14.03.03.004	Saluran Tertier
201	04.14.03.03.005	Bangunan Pembawa Pasang Rawa Lain-lain
202	04.14.03.04.001	Saluran Induk Pembuang
203	04.14.03.04.002	Saluran Sekunder Pembuang
204	04.14.03.04.003	Saluran Tertier Pembuang
205	04.14.03.04.004	Bangunan Pembuang Pasang Rawa Lain-lain
206	04.14.03.05.001	Tanggung Keliling
207	04.14.03.05.002	Pintu Air/Klep
208	04.14.03.05.003	Bangunan Pengamanan Pasang surut Lain-lain
209	04.14.03.06.001	Bangunan Bagi dan Sadap
210	04.14.03.06.002	Bangunan Sadap
211	04.14.03.06.003	Bangunan Terjun
212	04.14.03.06.004	Bangunan Syplon
213	04.14.03.06.005	Gorong-gorong
214	04.14.03.06.006	Bangunan Jembatan
215	04.14.03.06.007	Bangunan Penghalang
216	04.14.03.06.008	Bangunan Pengukur Muka Air
217	04.14.03.06.009	Bangunan Pengukur Curah Hujan
218	04.14.03.06.010	Bangunan Penutup Sungai
219	04.14.03.06.011	Bangunan Statiun Pompa Pemasukan/Pembuang
220	04.14.03.06.012	Bangunan Pelengkap Pasang/Rawa Lain-lain
221	04.14.03.07.001	Sawah rawa Teknis
222	04.14.03.07.002	Sawah rawa Semi Teknis
223	04.14.03.07.003	Sawah rawa Non Teknis
224	04.14.03.07.004	Bangunan Sawah Pengembang Rawa Lain-lain
225	04.14.04.01.001	Waduk dengan tanggul & Pintu Pembuang
226	04.14.04.01.002	Waduk Jaringan Tanggul dan Pintu Pembuang
227	04.14.04.01.003	Waduk Jaringan Tanggul dan Pintu Pembuang dgn Pompa
228	04.14.04.01.004	Bangunan Waduk Penanggulanagn Sungai Lain-lain
229	04.14.04.02.001	Bangunan Pengambilan Pengamanan sungai
230	04.14.04.02.002	Bangunan Pengambilan Pengaman lain-lain
231	04.14.04.03.001	Bangunan Pembawa Pengamanan Sungai
232	04.14.04.03.002	Bangunan Pembuang Pengaman Lain-lain
233	04.14.04.04.001	Saluran Banjir
234	04.14.04.04.002	Saluran Drainase
235	04.14.04.04.003	Bangunan Pembuang Pengaman Sungai Lain-lain
236	04.14.04.04.004	Bangunan Tembok Penahan / Pengaman Sungai/Jalan (TPT)
237	04.14.04.05.001	Tanggul Banjir
238	04.14.04.05.002	Pintu Pengatur Banjir
239	04.14.04.05.003	Klep Pengatur Banjr
240	04.14.04.05.004	Coupur/Sodetan
241	04.14.04.05.005	Kantong Pasir/Lahar/Lumpur
242	04.14.04.05.006	Checkdam/Penahan Sedimen
243	04.14.04.05.007	Krib Pengaman Talud/Pantai
244	04.14.04.05.008	Bangunan Penguat Tebing
245	04.14.04.05.009	Bangunan Pelimpah Banjir
246	04.14.04.05.010	Dam Konsolidasi
247	04.14.04.05.011	Peralatan Saringan Sampah (Pond Sarcen)
248	04.14.04.05.012	Bangunan Pengaman Sungai Lain-lain
249	04.14.04.06.001	Bangunan Suphon
250	04.14.04.06.002	Bangunan Serong-serong
251	04.14.04.06.003	Bangunan Jembatan
252	04.14.04.06.004	Bangunan Pengukur Muka Air
253	04.14.04.06.005	Bangunan Pengukur Curah Hujan
254	04.14.04.06.006	Bangunan Station Pos Penjagaan/Pengamat
255	04.14.04.06.007	Bangunan Dermaga
256	04.14.04.06.008	Bangunan Station Pompa Pembuang
257	04.14.04.06.009	Bangunan Pelengkap Pengaman Sungai Lain-lain
258	04.14.05.01.001	Bangunan Waduk Lapangan Pembuang
259	04.14.05.01.002	Bangunan Waduk Lapangan Pembuang Lain-lain
260	04.14.05.02.001	Sumber dengan Pompa
261	04.14.05.02.002	Sumur Artesis
262	04.14.05.02.003	Bangunan Pengambilan Pengemb. Lain-lain
263	04.14.05.03.001	Saluran Tertier
264	04.14.05.03.002	Saluran Kwartier
265	04.14.05.03.003	Bangunan Pembawa Pengembangan Lain-lain
266	04.14.05.04.001	Bangunan Pembuang
267	04.14.05.04.002	Bangunan Pembuang Pengembangan Lain-lain
268	04.14.05.05.001	Bak Penampung/Kolam Ukur
269	04.14.05.05.002	Klimatologi
270	04.14.05.05.003	Hidrohiti
271	04.14.05.05.004	Sumur Pengamatan
272	04.14.05.05.005	Bangunan Pengaman Pengembangan Lain-lain
273	04.14.05.06.001	Bangunan Terpia
274	04.14.05.06.002	Bangunan Talang
275	04.14.05.06.003	Bangunan Syphon
276	04.14.05.06.004	Bangunan Gorong-gorong
277	04.14.05.06.005	Bangunan Bor Tersier
278	04.14.05.06.006	Jembatan Penghalang/Jalan
279	04.14.05.06.007	Bangunan Pelengkap Pengembangan Lain-lain
280	04.14.06.01.001	Waduk Penyimpanan Air Baku
281	04.14.06.01.002	Waduk Penyimpanan Air Hujan
282	04.14.06.01.003	Waduk Air Bersih/Air Baku Lain-lain
283	04.14.06.02.001	Bendung
284	04.14.06.02.002	Bendung Dengan Pompa
285	04.14.06.02.003	Bebas
286	04.14.06.02.004	Bebas dengan Pompa
287	04.14.06.02.005	Sumber dengan Penangkap
288	04.14.06.02.006	Bangunan Pengambilan dari Waduk
289	04.14.06.02.007	Bangunan Pengambilan dari Sungai
290	04.14.06.02.008	Bangunan Pengambilan dari Danau
291	04.14.06.02.009	Bangunan Pengambilan dari Rawa
292	04.14.06.02.010	Bangunan Pengambilan dari Laut
293	04.14.06.02.011	Bangunan Pengambilan dari Sumber Air
294	04.14.06.02.012	Bangunan Pengambilan dari Sumur Artesis
295	04.14.06.02.013	Bangunan Pengambilan Air Bersih Lain-lain
296	04.14.06.03.001	Saluran Pembawa Air Baku Terbuka
297	04.14.06.03.002	Saluran Pembawa Air Baku Tertutup
298	04.14.06.03.003	Bangunan Pembawa Air Bersih Lain-lain
299	04.14.06.04.001	Saluran Pembuang Air Cucian
300	04.14.06.04.002	Saluran Pembuang Air Cucian Instalasi
301	04.14.06.04.003	Bangunan Pembuang Air Bersih Lain-lain
302	04.14.06.05.001	Bangunan Talang
303	04.14.06.05.002	Bangunan Syplon
304	04.14.06.05.003	Bangunan Gorong-gorong
305	04.14.06.05.004	Bangunan Jembatan
306	04.14.06.05.005	Bangunan Penampung Air Baku
307	04.14.06.05.006	Bangunan Hidran Umum
308	04.14.06.05.007	Bangunan Mandi Cuci Kakus (MCK)
309	04.14.06.05.008	Bangunan Menara/Bak Penampung/Reservok Air Umum
310	04.14.06.05.009	Bangunan Pelengkap Air Bersih Lain-lain
311	04.14.07.01.001	Bangunan Pembawa Air Kotor
312	04.14.07.01.002	Saluran Pengumpul Air Kotor
313	04.14.07.01.003	Saluran Pengumpul Air Buangan Domestik
314	04.14.07.01.004	Saluran Pengumpul Air Buangan Industri
315	04.14.07.01.005	Saluran Pengumpul Air Buangan Pertanian
316	04.14.07.01.006	Bangunan Pembawa Air KOtor Lain-lain
317	04.14.07.02.001	Waduk Air Kotor
318	04.14.07.02.002	Waduk Air Buangan Domestik
319	04.14.07.02.003	Waduk Air Buangan Industri
320	04.14.07.02.004	Waduk Air Buangan Pertanian
321	04.14.07.02.005	Bangunan Waduk Air Kotor Lain-lain
322	04.14.07.03.001	Bangunan Pembuangan Air Hujan
323	04.14.07.03.002	Bangunan Pembuangan Air Domestik
324	04.14.07.03.003	Bangunan Pembuangan Air Pertanian
325	04.14.07.03.004	Bangunan Pembuangan Air Kotor Lain-lain
326	04.14.07.04.001	Bangunan Pompa Air Hujan
327	04.14.07.04.002	Bangunan Pompa Air Buangan Domestik
328	04.14.07.04.003	Bangunan Pompa Air Buangan Industri
329	04.14.07.04.004	Bangunan Pompa Air Buangan Pertanian
330	04.14.07.04.005	Bangunan Pengamanan Air Kotor Lain-lain
331	04.14.07.05.001	Bangunan Talang
332	04.14.07.05.002	Bangunan Syphon
333	04.14.07.05.003	Bangunan Gorong-gorong
334	04.14.07.05.004	Bangunan Jembatan
335	04.14.07.05.005	Bangunan Air Kotor Saluran Dari Rumah
336	04.14.07.05.006	Bangunan Pelengkap Air Kotor Lain-lain
337	04.14.08.01.001	Pelabuhan
338	04.14.08.01.002	Lain-lain
339	04.14.08.02.001	Dermaga
340	04.14.08.02.002	Lain-lain
341	04.15.01.01.002	Air Muka Tanah Kapasitas Sedang
342	04.15.01.01.003	Air Muka Tanah Kapasitas Besar
343	04.15.01.01.004	Air Muka Tanah Lain-lain
344	04.15.01.02.001	Air Sumber Kapasitas Kecil
345	04.15.01.02.002	Air Sumber Kapasitas Sedang
346	04.15.01.02.003	Air Sumber Kapasitas Besar
347	04.15.01.02.004	Air Sumber/Mata Air Lain-lain
348	04.15.01.03.001	Air Tanah Dalam Kapasitas Kecil
349	04.15.01.03.002	Air Tanah Dalam Kapasitas Sedang
350	04.15.01.03.003	Air Tanah Dalam Kapasitas Besar
351	04.15.01.03.004	Air Tanah Dalam Lain-lain
352	04.15.01.04.001	Instalasi Air Tanah Dangkal Kapasitas Kecil
353	04.15.01.04.002	Instalasi Air Tanah Dangkal Kapasitas Sedang
354	04.15.01.04.003	Instalasi Air Tanah Dangkal Kapasitas Besar
355	04.15.01.04.004	Instalasi Air Tanah Dangkal Lain-lain
356	04.15.01.05.001	Sistem Pengolahan Air Sederhana (Sipas)
357	04.15.01.05.002	Jaringan Rumah Tangga (Jarut)
358	04.15.01.05.003	Penampungan Air Hujan (PAM)
359	04.15.01.05.004	Sumur Gali (SGL)
360	04.15.01.05.005	Instalasi Air Bersih Lain-lain
361	04.15.02.01.001	Instalasi Air Buangan Domestik Kapasitas Kecil
362	04.15.02.01.002	Instalasi Air Buangan Domestik Kapasitas Sedang
363	04.15.02.01.003	Instalasi Air Buangan Domestik Kapasitas Besar
364	04.15.02.01.004	Instalasi Air Kotor Lain-lain
365	04.15.02.02.001	Instalasi Air Buangan Industri Kapasitas Kecil
366	04.15.02.02.002	Instalasi Air Buangan Industri Kapasitas Sedang
367	04.15.02.02.003	Instalasi Air Buangan Industri Kapasitas Besar
368	04.15.02.02.004	Instalasi Air Buangan Industri Lain-lain
369	04.15.02.03.001	Instalasi Air Buangan Pertanian Kapasitas Kecil
370	04.15.02.03.002	Instalasi Air Buangan Pertanian Kapasitas Sedang
371	04.15.02.03.003	Instalasi Air Buangan Pertanian Kapasitas Besar
372	04.15.02.03.004	Instalasi Air Buangan Pertanian Lain-lain
373	04.15.03.01.001	Instalasi Pengolahan Sampah Organik Sistem Pembakaran
374	04.15.03.01.002	Instalasi Pengolahan Sampah Organik Sistem Kompos
375	04.15.03.01.003	Instalasi Pengolahan Sampah Organik Sistem Penimbunan
376	04.15.03.01.004	Instalasi Pengolahan Sampah Organik Lain-lain
377	04.15.03.02.001	Instalasi Pengolahan Sampah Non Organik Daur Ulang
378	04.15.03.02.002	Instalasi Pengolahan Sampah Non Organik Daur Ulang
379	04.15.03.02.003	Instalasi Pengolahan Sampah Non Organik Lain-lain
380	04.15.04.01.001	Pengawetan Kayu
381	04.15.04.01.002	Pengeringan Kayu
382	04.15.04.01.003	Pengerjaan Kayu
383	04.15.04.01.004	Pengkapuran
384	04.15.04.01.005	Pembuatan Batu Cetak
385	04.15.04.01.006	PEmbuatan Aggregate
386	04.15.04.01.007	Instalasi Pengolahan Bahan Bangunan Lain-lain
387	04.15.05.01.001	PLTA Kapasitas Kecil
388	04.15.05.01.002	PLTA Kapasitas Sedang
389	04.15.05.01.003	PLTA Kapasitas Besar
390	04.15.05.01.004	Instalasi Listrik Tenaga Air Lain-lain
391	04.15.05.02.001	PLTD Kapasitas Kecil
392	04.15.05.02.002	PLTD Kapasitas Sedang
393	04.15.05.02.003	PLTD Kapasitas Besar
394	04.15.05.02.004	Pembangkit Listrik Tenaga Diesel Lain-lain
395	04.15.05.03.001	PLTM Kapasitas Kecil
396	04.15.05.03.002	PLTM Kapasitas Sedang
397	04.15.05.03.003	PLTM Kapasitas Besar
398	04.15.05.03.004	Pembangkit Listrik Tenaga Mikro Lain-lain
399	04.15.05.04.001	PLTAN Kapasitas Kecil
400	04.15.05.04.002	PLTAN Kapasitas Sedang
401	04.15.05.04.003	PLTAN Kapasitas Besar
402	04.15.05.04.004	PLTA Lain-lain
403	04.15.05.05.001	PLTU Kapasitas Kecil
404	04.15.05.05.002	PLTU Kapasitas Sedang
405	04.15.05.05.003	PLTU Kapasitas Besar
406	04.15.05.05.004	PLTU Lain-lain
407	04.15.05.06.001	PLTN Kapasitas Kecil
408	04.15.05.06.002	PLTN Kapasitas Sedang
409	04.15.05.06.003	PLTN Kapasitas Besar
410	04.15.05.06.004	PLTN Lain-lain
411	04.15.05.07.001	PLTG Kapasitas Kecil
412	04.15.05.07.002	PLTG Kapasitas Sedang
413	04.15.05.07.003	PLTG Kapasitas Besar
414	04.15.05.07.004	PLTG Lain-lain
415	04.15.05.08.001	PLTP Kapasitas Kecil
416	04.15.05.08.002	PLTP Kapasitas Sedang
417	04.15.05.08.003	PLTP Kapasitas Besar
418	04.15.05.08.004	Pembangkit Listrik Tenaga Panas Bumi Lain-lain
419	04.15.05.09.001	Instalasi PLTS Kapasitas Kecil
420	04.15.05.09.002	Instalasi PLTS Kapasitas Sedang
421	04.15.05.09.003	Instalasi PLTS Kapasitas Besar
422	04.15.05.09.004	Instalasi Pembangkit Listrik Tenaga SuryaLain-lain
423	04.15.05.10.001	Instalasi PLTB Kapasitas Kecil
424	04.15.05.10.002	Instalasi PLTB Kapasitas Sedang
425	04.15.05.10.003	Instalasi PLTB Kapasitas Besar
426	04.15.05.10.004	Instalasi Listrik Tenaga Biogas Lain-lain
427	04.15.05.11.001	Instalasi PLTSm Kapasitas Kecil
428	04.15.05.11.002	Instalasi PLTSm Kapasitas Sedang
429	04.15.05.11.003	Instalasi PLTSm Kapasitas Besar
430	04.15.05.11.004	Instalasi PLTSm Lain-lain
431	04.15.06.01.001	Instalasi Gardu Listrik Induk Kapasitas Kecil
432	04.15.06.01.002	Instalasi Gardu Listrik Induk Kapasitas Sedang
433	04.15.06.01.003	Instalasi Gardu Listrik Induk Kapasitas Besar
434	04.15.06.01.004	Instalasi Gardu Listrik Induk Lain-lain
435	04.15.06.02.001	Instalasi Gardu Listrik Distribusi Kapasitas Kecil
436	04.15.06.02.002	Instalasi Gardu Listrik Distribusi Kapasitas Sedan
437	04.15.06.02.003	Instalasi Gardu Listrik Distribusi Kapasitas Besar
438	04.15.06.02.004	Instalasi Gardu Listrik Distribusi Lain-lain
439	04.15.06.03.001	Instalasi Pusat Pengatur Listrik Kapasitas Kecil
440	04.15.06.03.002	Instalasi Pusat Pengatur Listrik Kapasitas Sedang
441	04.15.06.03.003	Instalasi Pusat Pengatur Listrik Kapasitas Besar
442	04.15.06.03.004	Instalsi Pusat Pengatur Listrik Lain-lain
443	04.15.07.01.001	Instalasi Perkebunan
444	04.15.07.01.002	Instalasi Peluru Kenali (Rudal)
445	04.15.07.01.003	Instalasi Komunikasi Elektronik (komlek)
446	04.15.07.01.004	Instalasi
447	04.15.07.01.005	Instalasi Radar Lain-lain
448	04.15.08.01.001	Instalasi Gardu Gas LPG
449	04.15.08.01.002	Instalasi Gardu Gas LNG
450	04.15.08.01.003	Instalsi Gardu Gas Lain-lain
451	04.15.08.02.001	Instalasi Jaringan Pipa Gas Primer
452	04.15.08.02.002	Instalasi Jaringan Pipa Gas Sekiunder
453	04.15.08.02.003	Instalasi Jaringan Pipa gas Lain-lain
454	04.15.09.01.001	Instalasi Penangkal Petir Manual
455	04.15.09.01.002	Instalasi Penangkal Petir Komputerisasi
456	04.15.09.01.003	Lain-lain
457	04.16.01.01.001	Jaringan Pembawa Kapasitas Kecil
458	04.16.01.01.002	Jaringan Pembawa Kapasitas Sedang
459	04.16.01.01.003	Jaringan Pembawa Kapasitas Besar
460	04.16.01.01.004	Jaringan Pembawa Lain-lain
461	04.16.01.02.001	Jaringan Induk Distribusi Kapasitas Kecil
462	04.16.01.02.002	Jaringan Induk Distribusi Kapasitas Sedang
463	04.16.01.02.003	Jaringan Induk Distribusi Kapasitas Besar
464	04.16.01.02.004	Jaringan Induk Distribusi Lain-lain
465	04.16.01.03.001	Jaringan Cabang Distribusi Kapasitas Kecil
466	04.16.01.03.002	Jaringan Cabang Distribusi Kapasitas Sedang
467	04.16.01.03.003	Jaringan Cabang Distribusi Kapasitas Besar
468	04.16.01.03.004	Jaringan Cabang Distribusi lain-lain
469	04.16.01.04.001	Jaringan Sambungan Kerumah Kapasitas Kecil
470	04.16.01.04.002	Jaringan Sambungan Kerumah Kapasitas Sedang
471	04.16.01.04.003	Jaringan Sambungan Kerumah Kapasitas Besar
472	04.16.01.04.004	Jaringan Sambungan ke Rumah Lain-lain
473	04.16.02.01.001	Jaringan Transmisi Tegangan Di Atas 300 KVA
474	04.16.02.01.002	Jaringan Transmisi Tegangan 100 s/d 300 KVA
475	04.16.02.01.003	Jaringan Transmisi Tegangan Dibawah 100 KVA
476	04.16.02.01.004	Jaringan Transmisi Lain-lain
477	04.16.02.02.001	Jaringan Distribusi Tegangan Di atas 20 KVA
478	04.16.02.02.002	Jaringan Distribusi Tegangan 1 s/d 20 KVA
479	04.16.02.02.003	Jaringan Distribusi Tegangan Di bawah 1KVA
480	04.16.02.02.004	Jaringan Distribusi Lain-lain
481	04.16.03.01.001	Jaringan Telepon Di atas Tanah Kapasitas Kecil
482	04.16.03.01.002	Jaringan Telepon Di atas Tanah Kapasitas Sedang
483	04.16.03.01.003	Jaringan Telepon Di atas Tanah Kapasitas Besar
484	04.16.03.01.004	Jaringan Telepon Di atas Tanah Lain-lain
485	04.16.03.02.001	Jaringan Telepon Di bawah Tanah Kapasitas Kecil
486	04.16.03.02.002	Jaringan Telepon Di bawah Tanah Kapasitas sedang
487	04.16.03.02.003	Jaringan Telepon Di bawah Tanah Kapasitas Besar
488	04.16.03.02.004	Jaringan Telepon Di bawah tanah Lain-lain
489	04.16.03.03.001	Jaringan Telepon Didalam Air Kapasitas Kecil
490	04.16.03.03.002	Jaringan Telepon Didalam Air Kapasitas Sedang
491	04.16.03.03.003	Jaringan Telepon Didalam Air Kapasitas Besar
492	04.16.03.03.004	Jaringan Telepon Didalam Air Lain-lain
493	04.16.04.01.001	Jaringan Pipa Baja
494	04.16.04.01.002	Jaringan Pipa Gas Transmisi Lain-lain
495	04.16.04.02.001	Jaringan Pipa Distribusi Tekanan Tinggi
496	04.16.04.02.002	Jaringan Pipa Distribusi Tekanan Menengah Pipa Baja
497	04.16.04.02.003	Jaringan Pipa Distribusi Tekanan Menengah Pipa PE
498	04.16.04.02.004	Jaringan Pipa Distribusi Tekanan Rendah Pipa Baja
499	04.16.04.02.005	Jaringan Pipa Distribusi Tekanan Rendah Pipa PE
500	04.16.04.02.006	Jaringan Pipa Distribusi Lain-lain
501	04.16.04.03.001	Jaringan Pipa Dinas Pipa Baja
502	04.16.04.03.002	Jaringan Pipa Dinas Pipa PE
503	04.16.04.03.003	Jaringan Pipa Dinas Lain-lain
504	04.16.04.04.001	Jaringan BBM
505	04.16.04.04.002	Jaringan BBM lain-lain
